jobID,  modelID,  status,  completionReason,  startTime,  endTime,  runtime(s),  expDesc,  numRecords,  modelParams|clParams|alpha,  modelParams|tpParams|minThreshold,  modelParams|tpParams|activationThreshold,  modelParams|tpParams|pamLength,  modelParams|sensorParams|encoders|kw_energy_consumption:n,  modelParams|sensorParams|encoders|_classifierInput|n,  modelParams|spParams|synPermInactiveDec,  multiStepBestPredictions:multiStep:errorMetric='aae':steps=[1]:window=1000:field=kw_energy_consumption,  multiStepBestPredictions:multiStep:errorMetric='altMAPE':steps=[1]:window=1000:field=kw_energy_consumption, 
1016,  1648,  completed,  eof,  2014-12-27 19:17:24,  2014-12-27 19:17:26,  2,  modelParams|clParams|alpha_0.05005.modelParams|tpParams|minThreshold_11.modelParams|tpParams|activationThreshold_14.modelParams|tpParams|pamLength_3.modelParams|sensorParams|encoders|kw_energy_consumption:n_272.modelParams|sensorParams|encoders|_classifierInput|n_275.modelParams|spParams|synPermInactiveDec_0.05015,  9,  0.05005,  11,  14,  3,  272,  275,  0.05015,  0.125,  19.4174757282, 


jobID,  modelID,  status,  completionReason,  startTime,  endTime,  runtime(s),  expDesc,  numRecords,  modelParams|sensorParams|encoders|timestamp_weekend:radius,  modelParams|sensorParams|encoders|timestamp_timeOfDay:radius,  modelParams|clParams|alpha,  modelParams|tpParams|minThreshold,  modelParams|tpParams|activationThreshold,  modelParams|tpParams|pamLength,  modelParams|sensorParams|encoders|timestamp_dayOfWeek:radius,  modelParams|sensorParams|encoders|kw_energy_consumption:n,  modelParams|sensorParams|encoders|_classifierInput|n,  modelParams|spParams|synPermInactiveDec,  multiStepBestPredictions:multiStep:errorMetric='aae':steps=[1]:window=1000:field=kw_energy_consumption,  multiStepBestPredictions:multiStep:errorMetric='altMAPE':steps=[1]:window=1000:field=kw_energy_consumption, 
1017,  1679,  completed,  eof,  2014-12-27 19:22:49,  2014-12-27 19:47:51,  1502,  modelParams|clParams|alpha_0.05005.modelParams|tpParams|minThreshold_11.modelParams|tpParams|activationThreshold_14.modelParams|tpParams|pamLength_3.modelParams|sensorParams|encoders|kw_energy_consumption:n_272.modelParams|sensorParams|encoders|_classifierInput|n_275.modelParams|spParams|synPermInactiveDec_0.05015,  10322,  None,  None,  0.05005,  11,  14,  3,  None,  272,  275,  0.05015,  0.272101106706,  41.7336186177, 
1017,  1680,  completed,  eof,  2014-12-27 19:22:49,  2014-12-27 19:28:53,  364,  modelParams|clParams|alpha_0.05005.modelParams|tpParams|minThreshold_11.modelParams|tpParams|activationThreshold_14.modelParams|tpParams|pamLength_3.modelParams|sensorParams|encoders|timestamp_dayOfWeek:radius_3.5.modelParams|sensorParams|encoders|_classifierInput|n_275.modelParams|spParams|synPermInactiveDec_0.05015,  10322,  None,  None,  0.05005,  11,  14,  3,  3.5,  None,  275,  0.05015,  0.233039325227,  35.7425018945, 
1017,  1691,  completed,  eof,  2014-12-27 19:22:49,  2014-12-27 19:28:11,  322,  modelParams|sensorParams|encoders|timestamp_timeOfDay:radius_6.25.modelParams|clParams|alpha_0.05005.modelParams|tpParams|minThreshold_11.modelParams|tpParams|activationThreshold_14.modelParams|tpParams|pamLength_3.modelParams|sensorParams|encoders|_classifierInput|n_275.modelParams|spParams|synPermInactiveDec_0.05015,  10322,  None,  6.25,  0.05005,  11,  14,  3,  None,  None,  275,  0.05015,  0.21549829306,  33.052138906, 
1017,  1702,  completed,  eof,  2014-12-27 19:22:50,  2014-12-27 19:29:30,  400,  modelParams|sensorParams|encoders|timestamp_weekend:radius_1.modelParams|clParams|alpha_0.05005.modelParams|tpParams|minThreshold_11.modelParams|tpParams|activationThreshold_14.modelParams|tpParams|pamLength_3.modelParams|sensorParams|encoders|_classifierInput|n_275.modelParams|spParams|synPermInactiveDec_0.05015,  10322,  1,  None,  0.05005,  11,  14,  3,  None,  None,  275,  0.05015,  0.528495350452,  81.0581906996, 
1017,  1703,  completed,  eof,  2014-12-27 19:28:11,  2014-12-27 19:33:32,  321,  modelParams|clParams|alpha_0.0001.modelParams|tpParams|minThreshold_9.modelParams|tpParams|activationThreshold_12.modelParams|tpParams|pamLength_1.modelParams|sensorParams|encoders|kw_energy_consumption:n_22.modelParams|sensorParams|encoders|_classifierInput|n_28.modelParams|spParams|synPermInactiveDec_0.1,  10322,  None,  None,  0.0001,  9,  12,  1,  None,  22,  28,  0.1,  0.356377093453,  54.6594825808, 
1017,  1704,  completed,  eof,  2014-12-27 19:28:54,  2014-12-27 19:34:08,  314,  modelParams|clParams|alpha_0.0001.modelParams|tpParams|minThreshold_9.modelParams|tpParams|activationThreshold_12.modelParams|tpParams|pamLength_1.modelParams|sensorParams|encoders|timestamp_dayOfWeek:radius_1.0.modelParams|sensorParams|encoders|_classifierInput|n_28.modelParams|spParams|synPermInactiveDec_0.1,  10322,  None,  None,  0.0001,  9,  12,  1,  1.0,  None,  28,  0.1,  0.268211819013,  41.1370975258, 
1017,  1705,  completed,  eof,  2014-12-27 19:29:31,  2014-12-27 19:36:29,  418,  modelParams|sensorParams|encoders|timestamp_timeOfDay:radius_0.5.modelParams|clParams|alpha_0.0001.modelParams|tpParams|minThreshold_9.modelParams|tpParams|activationThreshold_12.modelParams|tpParams|pamLength_1.modelParams|sensorParams|encoders|_classifierInput|n_28.modelParams|spParams|synPermInactiveDec_0.1,  10322,  None,  0.5,  0.0001,  9,  12,  1,  None,  None,  28,  0.1,  0.206654277683,  31.6956844274, 
1017,  1706,  completed,  eof,  2014-12-27 19:33:32,  2014-12-27 19:39:12,  340,  modelParams|sensorParams|encoders|timestamp_weekend:radius_1.modelParams|clParams|alpha_0.0001.modelParams|tpParams|minThreshold_9.modelParams|tpParams|activationThreshold_12.modelParams|tpParams|pamLength_1.modelParams|sensorParams|encoders|_classifierInput|n_28.modelParams|spParams|synPermInactiveDec_0.1,  10322,  1,  None,  0.0001,  9,  12,  1,  None,  None,  28,  0.1,  0.343479700093,  52.6813395951, 
1017,  1707,  completed,  eof,  2014-12-27 19:34:08,  2014-12-27 20:10:03,  2155,  modelParams|clParams|alpha_0.1.modelParams|tpParams|minThreshold_12.modelParams|tpParams|activationThreshold_16.modelParams|tpParams|pamLength_5.modelParams|sensorParams|encoders|kw_energy_consumption:n_521.modelParams|sensorParams|encoders|_classifierInput|n_521.modelParams|spParams|synPermInactiveDec_0.0003,  10322,  None,  None,  0.1,  12,  16,  5,  None,  521,  521,  0.0003,  0.275878857883,  42.3130327507, 
1017,  1708,  completed,  eof,  2014-12-27 19:36:30,  2014-12-27 19:45:09,  519,  modelParams|clParams|alpha_0.1.modelParams|tpParams|minThreshold_12.modelParams|tpParams|activationThreshold_16.modelParams|tpParams|pamLength_5.modelParams|sensorParams|encoders|timestamp_dayOfWeek:radius_6.0.modelParams|sensorParams|encoders|_classifierInput|n_521.modelParams|spParams|synPermInactiveDec_0.0003,  10322,  None,  None,  0.1,  12,  16,  5,  6.0,  None,  521,  0.0003,  0.252101552554,  38.6661788133, 
1017,  1709,  completed,  eof,  2014-12-27 19:39:12,  2014-12-27 19:46:31,  439,  modelParams|sensorParams|encoders|timestamp_timeOfDay:radius_12.0.modelParams|clParams|alpha_0.1.modelParams|tpParams|minThreshold_12.modelParams|tpParams|activationThreshold_16.modelParams|tpParams|pamLength_5.modelParams|sensorParams|encoders|_classifierInput|n_521.modelParams|spParams|synPermInactiveDec_0.0003,  10322,  None,  12.0,  0.1,  12,  16,  5,  None,  None,  521,  0.0003,  0.212239870833,  32.5523770632, 
1017,  1710,  completed,  eof,  2014-12-27 19:45:09,  2014-12-27 19:52:02,  413,  modelParams|sensorParams|encoders|timestamp_weekend:radius_1.modelParams|clParams|alpha_0.1.modelParams|tpParams|minThreshold_12.modelParams|tpParams|activationThreshold_16.modelParams|tpParams|pamLength_5.modelParams|sensorParams|encoders|_classifierInput|n_521.modelParams|spParams|synPermInactiveDec_0.0003,  10322,  1,  None,  0.1,  12,  16,  5,  None,  None,  521,  0.0003,  0.511057416729,  78.3836404771, 
1017,  1711,  completed,  eof,  2014-12-27 19:46:31,  2014-12-27 20:06:15,  1184,  modelParams|clParams|alpha_0.025075.modelParams|tpParams|minThreshold_10.modelParams|tpParams|activationThreshold_13.modelParams|tpParams|pamLength_2.modelParams|sensorParams|encoders|kw_energy_consumption:n_147.modelParams|sensorParams|encoders|_classifierInput|n_151.modelParams|spParams|synPermInactiveDec_0.075075,  10322,  None,  None,  0.025075,  10,  13,  2,  None,  147,  151,  0.075075,  0.25151109524,  38.5756171811, 
1017,  1712,  completed,  eof,  2014-12-27 19:47:51,  2014-12-27 19:53:18,  327,  modelParams|clParams|alpha_0.025075.modelParams|tpParams|minThreshold_10.modelParams|tpParams|activationThreshold_13.modelParams|tpParams|pamLength_2.modelParams|sensorParams|encoders|timestamp_dayOfWeek:radius_4.75.modelParams|sensorParams|encoders|_classifierInput|n_151.modelParams|spParams|synPermInactiveDec_0.075075,  10322,  None,  None,  0.025075,  10,  13,  2,  4.75,  None,  151,  0.075075,  0.233096363921,  35.7512502275, 
1017,  1713,  completed,  eof,  2014-12-27 19:52:02,  2014-12-27 19:57:08,  306,  modelParams|sensorParams|encoders|timestamp_timeOfDay:radius_9.125.modelParams|clParams|alpha_0.025075.modelParams|tpParams|minThreshold_10.modelParams|tpParams|activationThreshold_13.modelParams|tpParams|pamLength_2.modelParams|sensorParams|encoders|_classifierInput|n_151.modelParams|spParams|synPermInactiveDec_0.075075,  10322,  None,  9.125,  0.025075,  10,  13,  2,  None,  None,  151,  0.075075,  0.224136116205,  34.3769685664, 
1017,  1714,  completed,  eof,  2014-12-27 19:53:18,  2014-12-27 19:59:07,  349,  modelParams|sensorParams|encoders|timestamp_weekend:radius_1.modelParams|clParams|alpha_0.025075.modelParams|tpParams|minThreshold_10.modelParams|tpParams|activationThreshold_13.modelParams|tpParams|pamLength_2.modelParams|sensorParams|encoders|_classifierInput|n_151.modelParams|spParams|synPermInactiveDec_0.075075,  10322,  1,  None,  0.025075,  10,  13,  2,  None,  None,  151,  0.075075,  0.495330061594,  75.9714509458, 
1017,  1715,  completed,  eof,  2014-12-27 19:57:08,  2014-12-27 20:25:13,  1685,  modelParams|clParams|alpha_0.075025.modelParams|tpParams|minThreshold_11.modelParams|tpParams|activationThreshold_15.modelParams|tpParams|pamLength_4.modelParams|sensorParams|encoders|kw_energy_consumption:n_396.modelParams|sensorParams|encoders|_classifierInput|n_398.modelParams|spParams|synPermInactiveDec_0.025225,  10322,  None,  None,  0.075025,  11,  15,  4,  None,  396,  398,  0.025225,  0.267473520943,  41.023860757, 
1017,  1716,  completed,  eof,  2014-12-27 19:59:08,  2014-12-27 20:05:16,  368,  modelParams|clParams|alpha_0.075025.modelParams|tpParams|minThreshold_11.modelParams|tpParams|activationThreshold_15.modelParams|tpParams|pamLength_4.modelParams|sensorParams|encoders|timestamp_dayOfWeek:radius_2.25.modelParams|sensorParams|encoders|_classifierInput|n_398.modelParams|spParams|synPermInactiveDec_0.025225,  10322,  None,  None,  0.075025,  11,  15,  4,  2.25,  None,  398,  0.025225,  0.24885970108,  38.1689585166, 
1017,  1717,  completed,  eof,  2014-12-27 20:05:16,  2014-12-27 20:10:38,  322,  modelParams|sensorParams|encoders|timestamp_timeOfDay:radius_3.375.modelParams|clParams|alpha_0.075025.modelParams|tpParams|minThreshold_11.modelParams|tpParams|activationThreshold_15.modelParams|tpParams|pamLength_4.modelParams|sensorParams|encoders|_classifierInput|n_398.modelParams|spParams|synPermInactiveDec_0.025225,  10322,  None,  3.375,  0.075025,  11,  15,  4,  None,  None,  398,  0.025225,  0.207222802322,  31.7828821267, 
1017,  1718,  completed,  eof,  2014-12-27 20:06:15,  2014-12-27 20:12:44,  389,  modelParams|sensorParams|encoders|timestamp_weekend:radius_1.modelParams|clParams|alpha_0.075025.modelParams|tpParams|minThreshold_11.modelParams|tpParams|activationThreshold_15.modelParams|tpParams|pamLength_4.modelParams|sensorParams|encoders|_classifierInput|n_398.modelParams|spParams|synPermInactiveDec_0.025225,  10322,  1,  None,  0.075025,  11,  15,  4,  None,  None,  398,  0.025225,  0.515373137161,  79.0455658649, 
1017,  1719,  completed,  eof,  2014-12-27 20:10:03,  2014-12-27 20:30:44,  1241,  modelParams|clParams|alpha_0.0348151425553.modelParams|tpParams|minThreshold_10.modelParams|tpParams|activationThreshold_13.modelParams|tpParams|pamLength_2.modelParams|sensorParams|encoders|kw_energy_consumption:n_195.modelParams|sensorParams|encoders|_classifierInput|n_175.modelParams|spParams|synPermInactiveDec_0.0770574113773,  10322,  None,  None,  0.0348151425553,  10,  13,  2,  None,  195,  175,  0.0770574113773,  0.258547371086,  39.654808869, 
1017,  1720,  completed,  eof,  2014-12-27 20:10:38,  2014-12-27 20:16:27,  349,  modelParams|clParams|alpha_0.055045.modelParams|tpParams|minThreshold_11.modelParams|tpParams|activationThreshold_14.modelParams|tpParams|pamLength_3.modelParams|sensorParams|encoders|timestamp_dayOfWeek:radius_3.75.modelParams|sensorParams|encoders|_classifierInput|n_299.modelParams|spParams|synPermInactiveDec_0.055135,  10322,  None,  None,  0.055045,  11,  14,  3,  3.75,  None,  299,  0.055135,  0.260140158779,  39.8991033335, 
1017,  1721,  completed,  eof,  2014-12-27 20:12:44,  2014-12-27 20:17:29,  285,  modelParams|sensorParams|encoders|timestamp_timeOfDay:radius_2.16747526299.modelParams|clParams|alpha_0.0106252494518.modelParams|tpParams|minThreshold_9.modelParams|tpParams|activationThreshold_13.modelParams|tpParams|pamLength_2.modelParams|sensorParams|encoders|_classifierInput|n_52.modelParams|spParams|synPermInactiveDec_0.0989798227547,  10322,  None,  2.16747526299,  0.0106252494518,  9,  13,  2,  None,  None,  52,  0.0989798227547,  0.212572681582,  32.603422048, 
1017,  1722,  completed,  eof,  2014-12-27 20:16:27,  2014-12-27 20:22:38,  371,  modelParams|sensorParams|encoders|timestamp_weekend:radius_1.modelParams|clParams|alpha_0.00958991421899.modelParams|tpParams|minThreshold_9.modelParams|tpParams|activationThreshold_12.modelParams|tpParams|pamLength_1.modelParams|sensorParams|encoders|_classifierInput|n_80.modelParams|spParams|synPermInactiveDec_0.0955441272355,  10322,  1,  None,  0.00958991421899,  9,  12,  1,  None,  None,  80,  0.0955441272355,  0.431705642567,  66.2130296347, 
1017,  1723,  completed,  eof,  2014-12-27 20:17:29,  2014-12-27 20:35:19,  1070,  modelParams|clParams|alpha_0.0153348574447.modelParams|tpParams|minThreshold_10.modelParams|tpParams|activationThreshold_13.modelParams|tpParams|pamLength_2.modelParams|sensorParams|encoders|kw_energy_consumption:n_99.modelParams|sensorParams|encoders|_classifierInput|n_176.modelParams|spParams|synPermInactiveDec_0.0730925886227,  10322,  None,  None,  0.0153348574447,  10,  13,  2,  None,  99,  176,  0.0730925886227,  0.25499381701,  39.1097810581, 
1017,  1724,  completed,  eof,  2014-12-27 20:22:38,  2014-12-27 20:28:13,  335,  modelParams|clParams|alpha_0.0355647148893.modelParams|tpParams|minThreshold_11.modelParams|tpParams|activationThreshold_14.modelParams|tpParams|pamLength_2.modelParams|sensorParams|encoders|timestamp_dayOfWeek:radius_2.77979721944.modelParams|sensorParams|encoders|_classifierInput|n_300.modelParams|spParams|synPermInactiveDec_0.0511701772453,  10322,  None,  None,  0.0355647148893,  11,  14,  2,  2.77979721944,  None,  300,  0.0511701772453,  0.245635927218,  37.674510881, 
1017,  1725,  completed,  eof,  2014-12-27 20:25:13,  2014-12-27 20:32:00,  407,  modelParams|sensorParams|encoders|timestamp_timeOfDay:radius_0.5.modelParams|clParams|alpha_0.0001.modelParams|tpParams|minThreshold_9.modelParams|tpParams|activationThreshold_12.modelParams|tpParams|pamLength_1.modelParams|sensorParams|encoders|_classifierInput|n_28.modelParams|spParams|synPermInactiveDec_0.095015,  10322,  None,  0.5,  0.0001,  9,  12,  1,  None,  None,  28,  0.095015,  0.206654277683,  31.6956844274, 
1017,  1726,  completed,  eof,  2014-12-27 20:28:13,  2014-12-27 20:33:35,  322,  modelParams|sensorParams|encoders|timestamp_weekend:radius_1.modelParams|clParams|alpha_0.0001.modelParams|tpParams|minThreshold_9.modelParams|tpParams|activationThreshold_12.modelParams|tpParams|pamLength_1.modelParams|sensorParams|encoders|_classifierInput|n_28.modelParams|spParams|synPermInactiveDec_0.095015,  10322,  1,  None,  0.0001,  9,  12,  1,  None,  None,  28,  0.095015,  0.343479700093,  52.6813395951, 
1017,  1727,  completed,  eof,  2014-12-27 20:30:44,  2014-12-27 20:51:11,  1227,  modelParams|clParams|alpha_0.034315427666.modelParams|tpParams|minThreshold_10.modelParams|tpParams|activationThreshold_13.modelParams|tpParams|pamLength_2.modelParams|sensorParams|encoders|kw_energy_consumption:n_242.modelParams|sensorParams|encoders|_classifierInput|n_175.modelParams|spParams|synPermInactiveDec_0.071052234132,  10322,  None,  None,  0.034315427666,  10,  13,  2,  None,  242,  175,  0.071052234132,  0.262582287822,  40.273665875, 
1017,  1728,  completed,  eof,  2014-12-27 20:32:00,  2014-12-27 20:37:30,  330,  modelParams|clParams|alpha_0.0545452851107.modelParams|tpParams|minThreshold_11.modelParams|tpParams|activationThreshold_14.modelParams|tpParams|pamLength_3.modelParams|sensorParams|encoders|timestamp_dayOfWeek:radius_4.22020278056.modelParams|sensorParams|encoders|_classifierInput|n_250.modelParams|spParams|synPermInactiveDec_0.0491298227547,  10322,  None,  None,  0.0545452851107,  11,  14,  3,  4.22020278056,  None,  250,  0.0491298227547,  0.242603601994,  37.2094267586, 
1017,  1729,  completed,  eof,  2014-12-27 20:33:35,  2014-12-27 20:38:14,  279,  modelParams|sensorParams|encoders|timestamp_timeOfDay:radius_2.10995052598.modelParams|clParams|alpha_0.00616549890357.modelParams|tpParams|minThreshold_9.modelParams|tpParams|activationThreshold_12.modelParams|tpParams|pamLength_2.modelParams|sensorParams|encoders|_classifierInput|n_52.modelParams|spParams|synPermInactiveDec_0.0929746455094,  10322,  None,  2.10995052598,  0.00616549890357,  9,  12,  2,  None,  None,  52,  0.0929746455094,  0.196868423837,  30.1947750883, 
1017,  1730,  completed,  eof,  2014-12-27 20:35:19,  2014-12-27 20:40:58,  339,  modelParams|sensorParams|encoders|timestamp_weekend:radius_1.modelParams|clParams|alpha_0.014084828438.modelParams|tpParams|minThreshold_9.modelParams|tpParams|activationThreshold_12.modelParams|tpParams|pamLength_1.modelParams|sensorParams|encoders|_classifierInput|n_108.modelParams|spParams|synPermInactiveDec_0.086103254471,  10322,  1,  None,  0.014084828438,  9,  12,  1,  None,  None,  108,  0.086103254471,  0.458299582308,  70.291886028, 
1017,  1731,  completed,  eof,  2014-12-27 20:37:30,  2014-12-27 20:56:39,  1149,  modelParams|clParams|alpha_0.02008.modelParams|tpParams|minThreshold_10.modelParams|tpParams|activationThreshold_13.modelParams|tpParams|pamLength_2.modelParams|sensorParams|encoders|kw_energy_consumption:n_122.modelParams|sensorParams|encoders|_classifierInput|n_127.modelParams|spParams|synPermInactiveDec_0.07009,  10322,  None,  None,  0.02008,  10,  13,  2,  None,  122,  127,  0.07009,  0.240371447165,  36.8670690979, 
1017,  1732,  completed,  eof,  2014-12-27 20:38:14,  2014-12-27 20:44:08,  354,  modelParams|clParams|alpha_0.0403098574447.modelParams|tpParams|minThreshold_11.modelParams|tpParams|activationThreshold_14.modelParams|tpParams|pamLength_3.modelParams|sensorParams|encoders|timestamp_dayOfWeek:radius_3.48510139028.modelParams|sensorParams|encoders|_classifierInput|n_300.modelParams|spParams|synPermInactiveDec_0.0481675886227,  10322,  None,  None,  0.0403098574447,  11,  14,  3,  3.48510139028,  None,  300,  0.0481675886227,  0.239716541984,  36.7666227478, 
1017,  1733,  completed,  eof,  2014-12-27 20:40:58,  2014-12-27 20:45:55,  297,  modelParams|sensorParams|encoders|timestamp_timeOfDay:radius_2.86777974667.modelParams|clParams|alpha_0.0132540776438.modelParams|tpParams|minThreshold_9.modelParams|tpParams|activationThreshold_12.modelParams|tpParams|pamLength_2.modelParams|sensorParams|encoders|_classifierInput|n_28.modelParams|spParams|synPermInactiveDec_0.085833365792,  10322,  None,  2.86777974667,  0.0132540776438,  9,  12,  2,  None,  None,  28,  0.085833365792,  0.227026313885,  34.8202538187, 
1017,  1734,  completed,  eof,  2014-12-27 20:44:08,  2014-12-27 20:49:45,  337,  modelParams|sensorParams|encoders|timestamp_weekend:radius_1.modelParams|clParams|alpha_0.00734245710949.modelParams|tpParams|minThreshold_9.modelParams|tpParams|activationThreshold_12.modelParams|tpParams|pamLength_1.modelParams|sensorParams|encoders|_classifierInput|n_28.modelParams|spParams|synPermInactiveDec_0.0902945636177,  10322,  1,  None,  0.00734245710949,  9,  12,  1,  None,  None,  28,  0.0902945636177,  0.404622884202,  62.0592004849, 
1017,  1735,  completed,  eof,  2014-12-27 20:45:55,  2014-12-27 21:05:21,  1166,  modelParams|clParams|alpha_0.0295702851107.modelParams|tpParams|minThreshold_9.modelParams|tpParams|activationThreshold_13.modelParams|tpParams|pamLength_2.modelParams|sensorParams|encoders|kw_energy_consumption:n_219.modelParams|sensorParams|encoders|_classifierInput|n_175.modelParams|spParams|synPermInactiveDec_0.0640848227547,  10322,  None,  None,  0.0295702851107,  9,  13,  2,  None,  219,  175,  0.0640848227547,  0.259630195264,  39.8208874706, 
1017,  1736,  completed,  eof,  2014-12-27 20:49:46,  2014-12-27 20:55:18,  332,  modelParams|clParams|alpha_0.0498001425553.modelParams|tpParams|minThreshold_10.modelParams|tpParams|activationThreshold_14.modelParams|tpParams|pamLength_3.modelParams|sensorParams|encoders|timestamp_dayOfWeek:radius_3.51489860972.modelParams|sensorParams|encoders|_classifierInput|n_250.modelParams|spParams|synPermInactiveDec_0.0421624113773,  10322,  None,  None,  0.0498001425553,  10,  14,  3,  3.51489860972,  None,  250,  0.0421624113773,  0.228062416232,  34.9791664402, 
1017,  1737,  completed,  eof,  2014-12-27 20:51:11,  2014-12-27 20:56:06,  295,  modelParams|sensorParams|encoders|timestamp_timeOfDay:radius_1.77530448368.modelParams|clParams|alpha_0.0187843270955.modelParams|tpParams|minThreshold_9.modelParams|tpParams|activationThreshold_12.modelParams|tpParams|pamLength_2.modelParams|sensorParams|encoders|_classifierInput|n_76.modelParams|spParams|synPermInactiveDec_0.0798281885467,  10322,  None,  1.77530448368,  0.0187843270955,  9,  12,  2,  None,  None,  76,  0.0798281885467,  0.209080472461,  32.0678030447, 
1017,  1738,  completed,  eof,  2014-12-27 20:55:18,  2014-12-27 21:00:52,  334,  modelParams|sensorParams|encoders|timestamp_weekend:radius_1.modelParams|clParams|alpha_0.0118373713285.modelParams|tpParams|minThreshold_9.modelParams|tpParams|activationThreshold_12.modelParams|tpParams|pamLength_1.modelParams|sensorParams|encoders|_classifierInput|n_94.modelParams|spParams|synPermInactiveDec_0.0808536908532,  10322,  1,  None,  0.0118373713285,  9,  12,  1,  None,  None,  94,  0.0808536908532,  0.43753715928,  67.1074408975, 
1017,  1739,  completed,  eof,  2014-12-27 20:56:06,  2014-12-27 21:16:02,  1196,  modelParams|clParams|alpha_0.0231168708214.modelParams|tpParams|minThreshold_10.modelParams|tpParams|activationThreshold_13.modelParams|tpParams|pamLength_2.modelParams|sensorParams|encoders|kw_energy_consumption:n_137.modelParams|sensorParams|encoders|_classifierInput|n_126.modelParams|spParams|synPermInactiveDec_0.0820406639114,  10322,  None,  None,  0.0231168708214,  10,  13,  2,  None,  137,  126,  0.0820406639114,  0.268860975999,  41.2366622441, 
1017,  1740,  completed,  eof,  2014-12-27 20:56:39,  2014-12-27 21:02:03,  324,  modelParams|clParams|alpha_0.0507269992201.modelParams|tpParams|minThreshold_10.modelParams|tpParams|activationThreshold_14.modelParams|tpParams|pamLength_3.modelParams|sensorParams|encoders|timestamp_dayOfWeek:radius_3.5610686952.modelParams|sensorParams|encoders|_classifierInput|n_251.modelParams|spParams|synPermInactiveDec_0.043961175303,  10322,  None,  None,  0.0507269992201,  10,  14,  3,  3.5610686952,  None,  251,  0.043961175303,  0.222862861836,  34.1816826564, 
1017,  1741,  completed,  eof,  2014-12-27 21:00:52,  2014-12-27 21:06:25,  333,  modelParams|sensorParams|encoders|timestamp_timeOfDay:radius_1.10024879428.modelParams|clParams|alpha_0.0001.modelParams|tpParams|minThreshold_9.modelParams|tpParams|activationThreshold_12.modelParams|tpParams|pamLength_1.modelParams|sensorParams|encoders|_classifierInput|n_28.modelParams|spParams|synPermInactiveDec_0.1,  10322,  None,  1.10024879428,  0.0001,  9,  12,  1,  None,  None,  28,  0.1,  0.212118726094,  32.5337964392, 
1017,  1742,  completed,  eof,  2014-12-27 21:02:03,  2014-12-27 21:22:42,  1239,  modelParams|clParams|alpha_0.0229871576897.modelParams|tpParams|minThreshold_10.modelParams|tpParams|activationThreshold_13.modelParams|tpParams|pamLength_2.modelParams|sensorParams|encoders|kw_energy_consumption:n_136.modelParams|sensorParams|encoders|_classifierInput|n_164.modelParams|spParams|synPermInactiveDec_0.0637248538131,  10322,  None,  None,  0.0229871576897,  10,  13,  2,  None,  136,  164,  0.0637248538131,  0.255763345393,  39.2278077889, 
1017,  1743,  completed,  eof,  2014-12-27 21:05:22,  2014-12-27 21:11:58,  396,  modelParams|clParams|alpha_0.0567124091491.modelParams|tpParams|minThreshold_11.modelParams|tpParams|activationThreshold_14.modelParams|tpParams|pamLength_4.modelParams|sensorParams|encoders|timestamp_dayOfWeek:radius_3.85907559195.modelParams|sensorParams|encoders|_classifierInput|n_319.modelParams|spParams|synPermInactiveDec_0.0326221515988,  10322,  None,  None,  0.0567124091491,  11,  14,  4,  3.85907559195,  None,  319,  0.0326221515988,  0.239628654862,  36.7531430245, 
1017,  1744,  completed,  eof,  2014-12-27 21:06:25,  2014-12-27 21:11:55,  330,  modelParams|sensorParams|encoders|timestamp_timeOfDay:radius_1.66031685219.modelParams|clParams|alpha_0.00424520291786.modelParams|tpParams|minThreshold_9.modelParams|tpParams|activationThreshold_12.modelParams|tpParams|pamLength_2.modelParams|sensorParams|encoders|_classifierInput|n_46.modelParams|spParams|synPermInactiveDec_0.092984414871,  10322,  None,  1.66031685219,  0.00424520291786,  9,  12,  2,  None,  None,  46,  0.092984414871,  0.1997116889,  30.6308620312, 
1017,  1745,  completed,  eof,  2014-12-27 21:11:55,  2014-12-27 21:32:58,  1263,  modelParams|clParams|alpha_0.00636352693095.modelParams|tpParams|minThreshold_10.modelParams|tpParams|activationThreshold_12.modelParams|tpParams|pamLength_2.modelParams|sensorParams|encoders|kw_energy_consumption:n_75.modelParams|sensorParams|encoders|_classifierInput|n_40.modelParams|spParams|synPermInactiveDec_0.0878939740097,  10322,  None,  None,  0.00636352693095,  10,  12,  2,  None,  75,  40,  0.0878939740097,  0.217440203591,  33.3499802286, 
1017,  1746,  completed,  eof,  2014-12-27 21:11:58,  2014-12-27 21:18:16,  378,  modelParams|clParams|alpha_0.0400887783904.modelParams|tpParams|minThreshold_10.modelParams|tpParams|activationThreshold_13.modelParams|tpParams|pamLength_3.modelParams|sensorParams|encoders|timestamp_dayOfWeek:radius_3.24009006222.modelParams|sensorParams|encoders|_classifierInput|n_183.modelParams|spParams|synPermInactiveDec_0.0567912717954,  10322,  None,  None,  0.0400887783904,  10,  13,  3,  3.24009006222,  None,  183,  0.0567912717954,  0.228195293853,  34.9995465997, 
1017,  1747,  completed,  eof,  2014-12-27 21:16:02,  2014-12-27 21:23:26,  444,  modelParams|sensorParams|encoders|timestamp_timeOfDay:radius_0.5.modelParams|clParams|alpha_0.0001.modelParams|tpParams|minThreshold_9.modelParams|tpParams|activationThreshold_12.modelParams|tpParams|pamLength_1.modelParams|sensorParams|encoders|_classifierInput|n_28.modelParams|spParams|synPermInactiveDec_0.1,  10322,  None,  0.5,  0.0001,  9,  12,  1,  None,  None,  28,  0.1,  0.206654277683,  31.6956844274, 
1017,  1748,  completed,  eof,  2014-12-27 21:18:17,  2014-12-27 21:38:18,  1201,  modelParams|clParams|alpha_0.01883125.modelParams|tpParams|minThreshold_10.modelParams|tpParams|activationThreshold_13.modelParams|tpParams|pamLength_2.modelParams|sensorParams|encoders|kw_energy_consumption:n_116.modelParams|sensorParams|encoders|_classifierInput|n_120.modelParams|spParams|synPermInactiveDec_0.06884375,  10322,  None,  None,  0.01883125,  10,  13,  2,  None,  116,  120,  0.06884375,  0.242184541488,  37.1451531818, 
1017,  1749,  completed,  eof,  2014-12-27 21:22:42,  2014-12-27 21:28:35,  353,  modelParams|clParams|alpha_0.0485353723584.modelParams|tpParams|minThreshold_10.modelParams|tpParams|activationThreshold_14.modelParams|tpParams|pamLength_3.modelParams|sensorParams|encoders|timestamp_dayOfWeek:radius_3.53690458182.modelParams|sensorParams|encoders|_classifierInput|n_255.modelParams|spParams|synPermInactiveDec_0.0431939314864,  10322,  None,  None,  0.0485353723584,  10,  14,  3,  3.53690458182,  None,  255,  0.0431939314864,  0.223177935743,  34.230007246, 
1017,  1750,  completed,  eof,  2014-12-27 21:23:26,  2014-12-27 21:28:25,  299,  modelParams|sensorParams|encoders|timestamp_timeOfDay:radius_2.34117723638.modelParams|clParams|alpha_0.0066843797984.modelParams|tpParams|minThreshold_9.modelParams|tpParams|activationThreshold_12.modelParams|tpParams|pamLength_2.modelParams|sensorParams|encoders|_classifierInput|n_48.modelParams|spParams|synPermInactiveDec_0.0926237416014,  10322,  None,  2.34117723638,  0.0066843797984,  9,  12,  2,  None,  None,  48,  0.0926237416014,  0.222178458504,  34.0767120153, 
1017,  1751,  completed,  eof,  2014-12-27 21:28:25,  2014-12-27 21:47:19,  1134,  modelParams|clParams|alpha_0.0105194346206.modelParams|tpParams|minThreshold_10.modelParams|tpParams|activationThreshold_12.modelParams|tpParams|pamLength_2.modelParams|sensorParams|encoders|kw_energy_consumption:n_96.modelParams|sensorParams|encoders|_classifierInput|n_71.modelParams|spParams|synPermInactiveDec_0.0790815423738,  10322,  None,  None,  0.0105194346206,  10,  12,  2,  None,  96,  71,  0.0790815423738,  0.244727945084,  37.5352487495, 
1017,  1752,  completed,  eof,  2014-12-27 21:28:35,  2014-12-27 21:34:10,  335,  modelParams|clParams|alpha_0.0442446860801.modelParams|tpParams|minThreshold_10.modelParams|tpParams|activationThreshold_13.modelParams|tpParams|pamLength_3.modelParams|sensorParams|encoders|timestamp_dayOfWeek:radius_3.8686096266.modelParams|sensorParams|encoders|_classifierInput|n_214.modelParams|spParams|synPermInactiveDec_0.0479788401594,  10322,  None,  None,  0.0442446860801,  10,  13,  3,  3.8686096266,  None,  214,  0.0479788401594,  0.246418293134,  37.7945065735, 
1017,  1753,  completed,  eof,  2014-12-27 21:32:58,  2014-12-27 21:37:38,  280,  modelParams|sensorParams|encoders|timestamp_timeOfDay:radius_2.06867326005.modelParams|clParams|alpha_0.00629735110798.modelParams|tpParams|minThreshold_9.modelParams|tpParams|activationThreshold_12.modelParams|tpParams|pamLength_2.modelParams|sensorParams|encoders|_classifierInput|n_43.modelParams|spParams|synPermInactiveDec_0.0939762229355,  10322,  None,  2.06867326005,  0.00629735110798,  9,  12,  2,  None,  None,  43,  0.0939762229355,  0.213591282547,  32.7596503879, 
1017,  1754,  completed,  eof,  2014-12-27 21:34:10,  2014-12-27 21:52:54,  1124,  modelParams|clParams|alpha_0.00970969545329.modelParams|tpParams|minThreshold_10.modelParams|tpParams|activationThreshold_12.modelParams|tpParams|pamLength_2.modelParams|sensorParams|encoders|kw_energy_consumption:n_86.modelParams|sensorParams|encoders|_classifierInput|n_38.modelParams|spParams|synPermInactiveDec_0.0874247944444,  10322,  None,  None,  0.00970969545329,  10,  12,  2,  None,  86,  38,  0.0874247944444,  0.224123178181,  34.3749841918, 
1017,  1755,  completed,  eof,  2014-12-27 21:37:38,  2014-12-27 21:43:12,  334,  modelParams|clParams|alpha_0.0496474990252.modelParams|tpParams|minThreshold_10.modelParams|tpParams|activationThreshold_14.modelParams|tpParams|pamLength_3.modelParams|sensorParams|encoders|timestamp_dayOfWeek:radius_3.513835869.modelParams|sensorParams|encoders|_classifierInput|n_239.modelParams|spParams|synPermInactiveDec_0.0411677191287,  10322,  None,  None,  0.0496474990252,  10,  14,  3,  3.513835869,  None,  239,  0.0411677191287,  0.229520910469,  35.2028635908, 
1017,  1756,  completed,  eof,  2014-12-27 21:38:18,  2014-12-27 21:56:45,  1107,  modelParams|clParams|alpha_0.00941525168637.modelParams|tpParams|minThreshold_10.modelParams|tpParams|activationThreshold_12.modelParams|tpParams|pamLength_2.modelParams|sensorParams|encoders|kw_energy_consumption:n_87.modelParams|sensorParams|encoders|_classifierInput|n_39.modelParams|spParams|synPermInactiveDec_0.0845389138542,  10322,  None,  None,  0.00941525168637,  10,  12,  2,  None,  87,  39,  0.0845389138542,  0.228137835841,  34.9907339536, 
1017,  1757,  completed,  eof,  2014-12-27 21:43:12,  2014-12-27 21:48:53,  341,  modelParams|clParams|alpha_0.0571511249218.modelParams|tpParams|minThreshold_10.modelParams|tpParams|activationThreshold_15.modelParams|tpParams|pamLength_3.modelParams|sensorParams|encoders|timestamp_dayOfWeek:radius_3.88693775691.modelParams|sensorParams|encoders|_classifierInput|n_256.modelParams|spParams|synPermInactiveDec_0.0379582140843,  10322,  None,  None,  0.0571511249218,  10,  15,  3,  3.88693775691,  None,  256,  0.0379582140843,  0.249481916374,  38.264391042, 
1017,  1758,  completed,  eof,  2014-12-27 21:47:19,  2014-12-27 21:58:22,  663,  modelParams|clParams|alpha_0.0001.modelParams|tpParams|minThreshold_10.modelParams|tpParams|activationThreshold_12.modelParams|tpParams|pamLength_1.modelParams|sensorParams|encoders|kw_energy_consumption:n_33.modelParams|sensorParams|encoders|_classifierInput|n_28.modelParams|spParams|synPermInactiveDec_0.0921044089791,  10322,  None,  None,  0.0001,  10,  12,  1,  None,  33,  28,  0.0921044089791,  0.226878820014,  34.7976318858, 
1017,  1759,  completed,  eof,  2014-12-27 21:48:53,  2014-12-27 21:54:15,  322,  modelParams|clParams|alpha_0.045091656349.modelParams|tpParams|minThreshold_10.modelParams|tpParams|activationThreshold_14.modelParams|tpParams|pamLength_3.modelParams|sensorParams|encoders|timestamp_dayOfWeek:radius_3.25567049732.modelParams|sensorParams|encoders|_classifierInput|n_234.modelParams|spParams|synPermInactiveDec_0.0474221143638,  10322,  None,  None,  0.045091656349,  10,  14,  3,  3.25567049732,  None,  234,  0.0474221143638,  0.227294621865,  34.861405665, 
1017,  1760,  completed,  eof,  2014-12-27 21:52:54,  2014-12-27 22:11:21,  1107,  modelParams|clParams|alpha_0.00874975159827.modelParams|tpParams|minThreshold_10.modelParams|tpParams|activationThreshold_12.modelParams|tpParams|pamLength_2.modelParams|sensorParams|encoders|kw_energy_consumption:n_82.modelParams|sensorParams|encoders|_classifierInput|n_40.modelParams|spParams|synPermInactiveDec_0.0855400844679,  10322,  None,  None,  0.00874975159827,  10,  12,  2,  None,  82,  40,  0.0855400844679,  0.216363828005,  33.1848906824, 
1017,  1761,  completed,  eof,  2014-12-27 21:54:15,  2014-12-27 21:59:33,  318,  modelParams|clParams|alpha_0.0523669782734.modelParams|tpParams|minThreshold_10.modelParams|tpParams|activationThreshold_14.modelParams|tpParams|pamLength_3.modelParams|sensorParams|encoders|timestamp_dayOfWeek:radius_3.56947467976.modelParams|sensorParams|encoders|_classifierInput|n_240.modelParams|spParams|synPermInactiveDec_0.0426253350388,  10322,  None,  None,  0.0523669782734,  10,  14,  3,  3.56947467976,  None,  240,  0.0426253350388,  0.231475512503,  35.5026514779, 
1017,  1762,  completed,  eof,  2014-12-27 21:56:45,  2014-12-27 22:12:15,  930,  modelParams|clParams|alpha_0.0023904188904.modelParams|tpParams|minThreshold_10.modelParams|tpParams|activationThreshold_12.modelParams|tpParams|pamLength_2.modelParams|sensorParams|encoders|kw_energy_consumption:n_48.modelParams|sensorParams|encoders|_classifierInput|n_28.modelParams|spParams|synPermInactiveDec_0.0905815648686,  10322,  None,  None,  0.0023904188904,  10,  12,  2,  None,  48,  28,  0.0905815648686,  0.221119835501,  33.9143452788, 
1017,  1763,  completed,  eof,  2014-12-27 21:58:22,  2014-12-27 22:04:08,  346,  modelParams|clParams|alpha_0.049572845562.modelParams|tpParams|minThreshold_10.modelParams|tpParams|activationThreshold_15.modelParams|tpParams|pamLength_3.modelParams|sensorParams|encoders|timestamp_dayOfWeek:radius_3.62167304688.modelParams|sensorParams|encoders|_classifierInput|n_250.modelParams|spParams|synPermInactiveDec_0.0447205500391,  10322,  None,  None,  0.049572845562,  10,  15,  3,  3.62167304688,  None,  250,  0.0447205500391,  0.251911567385,  38.6370397603, 
1017,  1764,  completed,  eof,  2014-12-27 21:59:33,  2014-12-27 22:18:01,  1108,  modelParams|clParams|alpha_0.00364749071266.modelParams|tpParams|minThreshold_10.modelParams|tpParams|activationThreshold_12.modelParams|tpParams|pamLength_2.modelParams|sensorParams|encoders|kw_energy_consumption:n_64.modelParams|sensorParams|encoders|_classifierInput|n_28.modelParams|spParams|synPermInactiveDec_0.0891834869549,  10322,  None,  None,  0.00364749071266,  10,  12,  2,  None,  64,  28,  0.0891834869549,  0.219574778504,  33.6773715295, 
1017,  1765,  completed,  eof,  2014-12-27 22:04:09,  2014-12-27 22:21:10,  1021,  modelParams|clParams|alpha_0.00355036500486.modelParams|tpParams|minThreshold_10.modelParams|tpParams|activationThreshold_12.modelParams|tpParams|pamLength_2.modelParams|sensorParams|encoders|kw_energy_consumption:n_65.modelParams|sensorParams|encoders|_classifierInput|n_28.modelParams|spParams|synPermInactiveDec_0.0926933219006,  10322,  None,  None,  0.00355036500486,  10,  12,  2,  None,  65,  28,  0.0926933219006,  0.2232161761,  34.2358723764, 
1017,  1766,  completed,  eof,  2014-12-27 22:11:22,  2014-12-27 22:31:57,  1235,  modelParams|clParams|alpha_0.00701255429411.modelParams|tpParams|minThreshold_10.modelParams|tpParams|activationThreshold_12.modelParams|tpParams|pamLength_3.modelParams|sensorParams|encoders|kw_energy_consumption:n_73.modelParams|sensorParams|encoders|_classifierInput|n_34.modelParams|spParams|synPermInactiveDec_0.0865302043755,  10322,  None,  None,  0.00701255429411,  10,  12,  3,  None,  73,  34,  0.0865302043755,  0.21750759265,  33.360316053, 
1017,  1767,  completed,  eof,  2014-12-27 22:12:15,  2014-12-27 22:29:54,  1059,  modelParams|clParams|alpha_0.00622937699784.modelParams|tpParams|minThreshold_10.modelParams|tpParams|activationThreshold_12.modelParams|tpParams|pamLength_2.modelParams|sensorParams|encoders|kw_energy_consumption:n_74.modelParams|sensorParams|encoders|_classifierInput|n_28.modelParams|spParams|synPermInactiveDec_0.0897141680848,  10322,  None,  None,  0.00622937699784,  10,  12,  2,  None,  74,  28,  0.0897141680848,  0.211863780928,  32.49469412, 
1017,  1768,  completed,  eof,  2014-12-27 22:18:01,  2014-12-27 22:35:27,  1046,  modelParams|clParams|alpha_0.00550925180964.modelParams|tpParams|minThreshold_10.modelParams|tpParams|activationThreshold_12.modelParams|tpParams|pamLength_2.modelParams|sensorParams|encoders|kw_energy_consumption:n_64.modelParams|sensorParams|encoders|_classifierInput|n_28.modelParams|spParams|synPermInactiveDec_0.0890224117242,  10322,  None,  None,  0.00550925180964,  10,  12,  2,  None,  64,  28,  0.0890224117242,  0.226596729428,  34.7543661268, 
1017,  1769,  completed,  eof,  2014-12-27 22:21:10,  2014-12-27 22:40:02,  1132,  modelParams|clParams|alpha_0.00626479279523.modelParams|tpParams|minThreshold_10.modelParams|tpParams|activationThreshold_12.modelParams|tpParams|pamLength_2.modelParams|sensorParams|encoders|kw_energy_consumption:n_74.modelParams|sensorParams|encoders|_classifierInput|n_35.modelParams|spParams|synPermInactiveDec_0.0864186598565,  10322,  None,  None,  0.00626479279523,  10,  12,  2,  None,  74,  35,  0.0864186598565,  0.205955062285,  31.5884419797, 
1017,  1770,  completed,  eof,  2014-12-27 22:29:54,  2014-12-27 22:48:15,  1101,  modelParams|clParams|alpha_0.00425415457415.modelParams|tpParams|minThreshold_10.modelParams|tpParams|activationThreshold_12.modelParams|tpParams|pamLength_2.modelParams|sensorParams|encoders|kw_energy_consumption:n_67.modelParams|sensorParams|encoders|_classifierInput|n_28.modelParams|spParams|synPermInactiveDec_0.0921116536813,  10322,  None,  None,  0.00425415457415,  10,  12,  2,  None,  67,  28,  0.0921116536813,  0.218969627794,  33.5845562916, 
1017,  1771,  completed,  eof,  2014-12-27 22:31:58,  2014-12-27 22:50:26,  1108,  modelParams|clParams|alpha_0.00793500986684.modelParams|tpParams|minThreshold_10.modelParams|tpParams|activationThreshold_12.modelParams|tpParams|pamLength_2.modelParams|sensorParams|encoders|kw_energy_consumption:n_84.modelParams|sensorParams|encoders|_classifierInput|n_31.modelParams|spParams|synPermInactiveDec_0.0882134337594,  10322,  None,  None,  0.00793500986684,  10,  12,  2,  None,  84,  31,  0.0882134337594,  0.247821057788,  38.0096561765, 
1017,  1772,  completed,  eof,  2014-12-27 22:35:27,  2014-12-27 22:53:08,  1061,  modelParams|clParams|alpha_0.00559928334773.modelParams|tpParams|minThreshold_10.modelParams|tpParams|activationThreshold_12.modelParams|tpParams|pamLength_2.modelParams|sensorParams|encoders|kw_energy_consumption:n_72.modelParams|sensorParams|encoders|_classifierInput|n_28.modelParams|spParams|synPermInactiveDec_0.0907576889891,  10322,  None,  None,  0.00559928334773,  10,  12,  2,  None,  72,  28,  0.0907576889891,  0.224732567575,  34.4684495395, 
1017,  1773,  completed,  eof,  2014-12-27 22:40:03,  2014-12-27 22:56:59,  1016,  modelParams|clParams|alpha_0.00607775836949.modelParams|tpParams|minThreshold_10.modelParams|tpParams|activationThreshold_12.modelParams|tpParams|pamLength_2.modelParams|sensorParams|encoders|kw_energy_consumption:n_72.modelParams|sensorParams|encoders|_classifierInput|n_34.modelParams|spParams|synPermInactiveDec_0.0866585003751,  10322,  None,  None,  0.00607775836949,  10,  12,  2,  None,  72,  34,  0.0866585003751,  0.226106530018,  34.6791815916, 
1017,  1774,  completed,  eof,  2014-12-27 22:48:15,  2014-12-27 23:05:56,  1061,  modelParams|clParams|alpha_0.00691911831587.modelParams|tpParams|minThreshold_10.modelParams|tpParams|activationThreshold_12.modelParams|tpParams|pamLength_2.modelParams|sensorParams|encoders|kw_energy_consumption:n_76.modelParams|sensorParams|encoders|_classifierInput|n_37.modelParams|spParams|synPermInactiveDec_0.0857274530819,  10322,  None,  None,  0.00691911831587,  10,  12,  2,  None,  76,  37,  0.0857274530819,  0.217433697083,  33.3489822902, 
1017,  1775,  completed,  eof,  2014-12-27 22:50:26,  2014-12-27 23:08:49,  1103,  modelParams|clParams|alpha_0.00605872757549.modelParams|tpParams|minThreshold_10.modelParams|tpParams|activationThreshold_12.modelParams|tpParams|pamLength_2.modelParams|sensorParams|encoders|kw_energy_consumption:n_73.modelParams|sensorParams|encoders|_classifierInput|n_33.modelParams|spParams|synPermInactiveDec_0.0869590489596,  10322,  None,  None,  0.00605872757549,  10,  12,  2,  None,  73,  33,  0.0869590489596,  0.22057134447,  33.8302202425, 
1017,  1776,  completed,  eof,  2014-12-27 22:53:08,  2014-12-27 23:10:29,  1041,  modelParams|clParams|alpha_0.00639795932917.modelParams|tpParams|minThreshold_10.modelParams|tpParams|activationThreshold_12.modelParams|tpParams|pamLength_1.modelParams|sensorParams|encoders|kw_energy_consumption:n_77.modelParams|sensorParams|encoders|_classifierInput|n_36.modelParams|spParams|synPermInactiveDec_0.0869909348651,  10322,  None,  None,  0.00639795932917,  10,  12,  1,  None,  77,  36,  0.0869909348651,  0.221499200049,  33.9725304717, 
1017,  1777,  completed,  eof,  2014-12-27 22:56:59,  2014-12-27 23:15:18,  1099,  modelParams|clParams|alpha_0.00614713405732.modelParams|tpParams|minThreshold_10.modelParams|tpParams|activationThreshold_12.modelParams|tpParams|pamLength_2.modelParams|sensorParams|encoders|kw_energy_consumption:n_73.modelParams|sensorParams|encoders|_classifierInput|n_34.modelParams|spParams|synPermInactiveDec_0.0869907677007,  10322,  None,  None,  0.00614713405732,  10,  12,  2,  None,  73,  34,  0.0869907677007,  0.211900838434,  32.5003778302, 
1017,  1778,  completed,  eof,  2014-12-27 23:05:56,  2014-12-27 23:24:27,  1111,  modelParams|clParams|alpha_0.00539813743533.modelParams|tpParams|minThreshold_10.modelParams|tpParams|activationThreshold_12.modelParams|tpParams|pamLength_2.modelParams|sensorParams|encoders|kw_energy_consumption:n_70.modelParams|sensorParams|encoders|_classifierInput|n_36.modelParams|spParams|synPermInactiveDec_0.0866515975236,  10322,  None,  None,  0.00539813743533,  10,  12,  2,  None,  70,  36,  0.0866515975236,  0.220575100682,  33.8307963531, 
1017,  1779,  completed,  killed,  2014-12-27 23:08:49,  2014-12-27 23:24:29,  940,  modelParams|clParams|alpha_0.00637998877794.modelParams|tpParams|minThreshold_10.modelParams|tpParams|activationThreshold_12.modelParams|tpParams|pamLength_2.modelParams|sensorParams|encoders|kw_energy_consumption:n_74.modelParams|sensorParams|encoders|_classifierInput|n_35.modelParams|spParams|synPermInactiveDec_0.0863026675195,  9550,  None,  None,  0.00637998877794,  10,  12,  2,  None,  74,  35,  0.0863026675195,  0.228930678797,  34.0619965477, 
1017,  1780,  completed,  killed,  2014-12-27 23:10:29,  2014-12-27 23:24:33,  844,  modelParams|clParams|alpha_0.00620048070637.modelParams|tpParams|minThreshold_10.modelParams|tpParams|activationThreshold_12.modelParams|tpParams|pamLength_2.modelParams|sensorParams|encoders|kw_energy_consumption:n_74.modelParams|sensorParams|encoders|_classifierInput|n_35.modelParams|spParams|synPermInactiveDec_0.0862398004974,  8850,  None,  None,  0.00620048070637,  10,  12,  2,  None,  74,  35,  0.0862398004974,  0.24489644322,  36.6460578683, 
1017,  1781,  completed,  killed,  2014-12-27 23:15:18,  2014-12-27 23:24:30,  552,  modelParams|clParams|alpha_0.00589674304991.modelParams|tpParams|minThreshold_10.modelParams|tpParams|activationThreshold_12.modelParams|tpParams|pamLength_3.modelParams|sensorParams|encoders|kw_energy_consumption:n_72.modelParams|sensorParams|encoders|_classifierInput|n_38.modelParams|spParams|synPermInactiveDec_0.0863649783382,  6700,  None,  None,  0.00589674304991,  10,  12,  3,  None,  72,  38,  0.0863649783382,  0.192657076186,  35.4367259592, 
1017,  1782,  completed,  eof,  2014-12-27 23:24:27,  2014-12-27 23:34:46,  619,  modelParams|sensorParams|encoders|timestamp_timeOfDay:radius_2.68495052598.modelParams|clParams|alpha_0.05005.modelParams|tpParams|minThreshold_11.modelParams|tpParams|activationThreshold_14.modelParams|tpParams|pamLength_3.modelParams|sensorParams|encoders|kw_energy_consumption:n_272.modelParams|sensorParams|encoders|_classifierInput|n_275.modelParams|spParams|synPermInactiveDec_0.05015,  10322,  None,  2.68495052598,  0.05005,  11,  14,  3,  None,  272,  275,  0.05015,  0.179338353345,  27.5060933511, 
1017,  1783,  completed,  eof,  2014-12-27 23:24:29,  2014-12-27 23:31:50,  441,  modelParams|sensorParams|encoders|timestamp_timeOfDay:radius_2.68495052598.modelParams|clParams|alpha_0.05005.modelParams|tpParams|minThreshold_11.modelParams|tpParams|activationThreshold_14.modelParams|tpParams|pamLength_3.modelParams|sensorParams|encoders|timestamp_dayOfWeek:radius_3.5.modelParams|sensorParams|encoders|_classifierInput|n_275.modelParams|spParams|synPermInactiveDec_0.05015,  10322,  None,  2.68495052598,  0.05005,  11,  14,  3,  3.5,  None,  275,  0.05015,  0.198377473638,  30.4262262192, 
1017,  1784,  completed,  eof,  2014-12-27 23:24:30,  2014-12-27 23:29:41,  311,  modelParams|sensorParams|encoders|timestamp_timeOfDay:radius_2.68495052598.modelParams|clParams|alpha_0.0001.modelParams|tpParams|minThreshold_9.modelParams|tpParams|activationThreshold_12.modelParams|tpParams|pamLength_1.modelParams|sensorParams|encoders|kw_energy_consumption:n_22.modelParams|sensorParams|encoders|_classifierInput|n_28.modelParams|spParams|synPermInactiveDec_0.1,  10322,  None,  2.68495052598,  0.0001,  9,  12,  1,  None,  22,  28,  0.1,  0.206694538015,  31.7018593724, 
1017,  1785,  completed,  eof,  2014-12-27 23:24:33,  2014-12-27 23:31:28,  415,  modelParams|sensorParams|encoders|timestamp_timeOfDay:radius_2.68495052598.modelParams|clParams|alpha_0.0001.modelParams|tpParams|minThreshold_9.modelParams|tpParams|activationThreshold_12.modelParams|tpParams|pamLength_1.modelParams|sensorParams|encoders|timestamp_dayOfWeek:radius_1.0.modelParams|sensorParams|encoders|_classifierInput|n_28.modelParams|spParams|synPermInactiveDec_0.1,  10322,  None,  2.68495052598,  0.0001,  9,  12,  1,  1.0,  None,  28,  0.1,  0.240092275146,  36.8242509753, 
1017,  1786,  completed,  eof,  2014-12-27 23:29:41,  2014-12-27 23:52:21,  1360,  modelParams|sensorParams|encoders|timestamp_timeOfDay:radius_2.10645081841.modelParams|clParams|alpha_0.1.modelParams|tpParams|minThreshold_12.modelParams|tpParams|activationThreshold_16.modelParams|tpParams|pamLength_5.modelParams|sensorParams|encoders|kw_energy_consumption:n_521.modelParams|sensorParams|encoders|_classifierInput|n_521.modelParams|spParams|synPermInactiveDec_0.0003,  10322,  None,  2.10645081841,  0.1,  12,  16,  5,  None,  521,  521,  0.0003,  0.18475669898,  28.3371343309, 
1017,  1787,  completed,  eof,  2014-12-27 23:31:28,  2014-12-27 23:41:27,  599,  modelParams|sensorParams|encoders|timestamp_timeOfDay:radius_2.10645081841.modelParams|clParams|alpha_0.1.modelParams|tpParams|minThreshold_12.modelParams|tpParams|activationThreshold_16.modelParams|tpParams|pamLength_5.modelParams|sensorParams|encoders|timestamp_dayOfWeek:radius_6.0.modelParams|sensorParams|encoders|_classifierInput|n_521.modelParams|spParams|synPermInactiveDec_0.0003,  10322,  None,  2.10645081841,  0.1,  12,  16,  5,  6.0,  None,  521,  0.0003,  0.190397181639,  29.2022456674, 
1017,  1788,  completed,  eof,  2014-12-27 23:31:50,  2014-12-27 23:39:08,  438,  modelParams|sensorParams|encoders|timestamp_timeOfDay:radius_2.06383463018.modelParams|clParams|alpha_0.025075.modelParams|tpParams|minThreshold_10.modelParams|tpParams|activationThreshold_13.modelParams|tpParams|pamLength_2.modelParams|sensorParams|encoders|kw_energy_consumption:n_147.modelParams|sensorParams|encoders|_classifierInput|n_151.modelParams|spParams|synPermInactiveDec_0.075075,  10322,  None,  2.06383463018,  0.025075,  10,  13,  2,  None,  147,  151,  0.075075,  0.168888745995,  25.9033805467, 
1017,  1789,  completed,  eof,  2014-12-27 23:34:46,  2014-12-27 23:41:13,  387,  modelParams|sensorParams|encoders|timestamp_timeOfDay:radius_2.06383463018.modelParams|clParams|alpha_0.025075.modelParams|tpParams|minThreshold_10.modelParams|tpParams|activationThreshold_13.modelParams|tpParams|pamLength_2.modelParams|sensorParams|encoders|timestamp_dayOfWeek:radius_4.75.modelParams|sensorParams|encoders|_classifierInput|n_151.modelParams|spParams|synPermInactiveDec_0.075075,  10322,  None,  2.06383463018,  0.025075,  10,  13,  2,  4.75,  None,  151,  0.075075,  0.179709943965,  27.5630862147, 
1017,  1790,  completed,  eof,  2014-12-27 23:39:08,  2014-12-27 23:52:12,  784,  modelParams|sensorParams|encoders|timestamp_timeOfDay:radius_2.64546996975.modelParams|clParams|alpha_0.075025.modelParams|tpParams|minThreshold_11.modelParams|tpParams|activationThreshold_15.modelParams|tpParams|pamLength_4.modelParams|sensorParams|encoders|kw_energy_consumption:n_396.modelParams|sensorParams|encoders|_classifierInput|n_398.modelParams|spParams|synPermInactiveDec_0.025225,  10322,  None,  2.64546996975,  0.075025,  11,  15,  4,  None,  396,  398,  0.025225,  0.179320854587,  27.5034094721, 
1017,  1791,  completed,  eof,  2014-12-27 23:41:13,  2014-12-27 23:49:39,  506,  modelParams|sensorParams|encoders|timestamp_timeOfDay:radius_2.64546996975.modelParams|clParams|alpha_0.075025.modelParams|tpParams|minThreshold_11.modelParams|tpParams|activationThreshold_15.modelParams|tpParams|pamLength_4.modelParams|sensorParams|encoders|timestamp_dayOfWeek:radius_2.25.modelParams|sensorParams|encoders|_classifierInput|n_398.modelParams|spParams|synPermInactiveDec_0.025225,  10322,  None,  2.64546996975,  0.075025,  11,  15,  4,  2.25,  None,  398,  0.025225,  0.195086551903,  29.921479751, 
1017,  1792,  completed,  eof,  2014-12-27 23:41:27,  2014-12-27 23:49:37,  490,  modelParams|sensorParams|encoders|timestamp_timeOfDay:radius_2.32559397828.modelParams|clParams|alpha_0.0328351247259.modelParams|tpParams|minThreshold_10.modelParams|tpParams|activationThreshold_13.modelParams|tpParams|pamLength_2.modelParams|sensorParams|encoders|kw_energy_consumption:n_171.modelParams|sensorParams|encoders|_classifierInput|n_190.modelParams|spParams|synPermInactiveDec_0.0805080665616,  10322,  None,  2.32559397828,  0.0328351247259,  10,  13,  2,  None,  171,  190,  0.0805080665616,  0.168925044891,  25.9089479046, 
1017,  1793,  completed,  eof,  2014-12-27 23:49:37,  2014-12-27 23:56:07,  390,  modelParams|sensorParams|encoders|timestamp_timeOfDay:radius_2.32559397828.modelParams|clParams|alpha_0.0328351247259.modelParams|tpParams|minThreshold_10.modelParams|tpParams|activationThreshold_13.modelParams|tpParams|pamLength_2.modelParams|sensorParams|encoders|timestamp_dayOfWeek:radius_5.00267764405.modelParams|sensorParams|encoders|_classifierInput|n_190.modelParams|spParams|synPermInactiveDec_0.0805080665616,  10322,  None,  2.32559397828,  0.0328351247259,  10,  13,  2,  5.00267764405,  None,  190,  0.0805080665616,  0.192437435585,  29.5151704515, 
1017,  1794,  completed,  eof,  2014-12-27 23:49:39,  2014-12-27 23:56:33,  414,  modelParams|sensorParams|encoders|timestamp_timeOfDay:radius_2.32559397828.modelParams|clParams|alpha_0.0273048752741.modelParams|tpParams|minThreshold_10.modelParams|tpParams|activationThreshold_13.modelParams|tpParams|pamLength_2.modelParams|sensorParams|encoders|kw_energy_consumption:n_122.modelParams|sensorParams|encoders|_classifierInput|n_161.modelParams|spParams|synPermInactiveDec_0.0696419334384,  10322,  None,  2.32559397828,  0.0273048752741,  10,  13,  2,  None,  122,  161,  0.0696419334384,  0.176214891705,  27.0270311436, 
1017,  1795,  completed,  eof,  2014-12-27 23:52:12,  2014-12-27 23:58:39,  387,  modelParams|sensorParams|encoders|timestamp_timeOfDay:radius_2.32559397828.modelParams|clParams|alpha_0.0273048752741.modelParams|tpParams|minThreshold_10.modelParams|tpParams|activationThreshold_13.modelParams|tpParams|pamLength_2.modelParams|sensorParams|encoders|timestamp_dayOfWeek:radius_4.50803293216.modelParams|sensorParams|encoders|_classifierInput|n_161.modelParams|spParams|synPermInactiveDec_0.0696419334384,  10322,  None,  2.32559397828,  0.0273048752741,  10,  13,  2,  4.50803293216,  None,  161,  0.0696419334384,  0.183628215416,  28.1640527023, 
1017,  1796,  completed,  eof,  2014-12-27 23:52:21,  2014-12-28 00:00:17,  476,  modelParams|sensorParams|encoders|timestamp_timeOfDay:radius_2.07105659571.modelParams|clParams|alpha_0.0383653741777.modelParams|tpParams|minThreshold_10.modelParams|tpParams|activationThreshold_13.modelParams|tpParams|pamLength_2.modelParams|sensorParams|encoders|kw_energy_consumption:n_171.modelParams|sensorParams|encoders|_classifierInput|n_220.modelParams|spParams|synPermInactiveDec_0.0814041996848,  10322,  None,  2.07105659571,  0.0383653741777,  10,  13,  2,  None,  171,  220,  0.0814041996848,  0.16660032237,  25.5523926364, 
1017,  1797,  completed,  eof,  2014-12-27 23:56:07,  2014-12-28 00:02:25,  378,  modelParams|sensorParams|encoders|timestamp_timeOfDay:radius_2.07105659571.modelParams|clParams|alpha_0.0383653741777.modelParams|tpParams|minThreshold_10.modelParams|tpParams|activationThreshold_13.modelParams|tpParams|pamLength_2.modelParams|sensorParams|encoders|timestamp_dayOfWeek:radius_4.99732235595.modelParams|sensorParams|encoders|_classifierInput|n_171.modelParams|spParams|synPermInactiveDec_0.0814041996848,  10322,  None,  2.07105659571,  0.0383653741777,  10,  13,  2,  4.99732235595,  None,  171,  0.0814041996848,  0.178742065798,  27.4146375045, 
1017,  1798,  completed,  eof,  2014-12-27 23:56:33,  2014-12-28 00:03:30,  417,  modelParams|sensorParams|encoders|timestamp_timeOfDay:radius_2.05230565623.modelParams|clParams|alpha_0.03007.modelParams|tpParams|minThreshold_10.modelParams|tpParams|activationThreshold_13.modelParams|tpParams|pamLength_2.modelParams|sensorParams|encoders|kw_energy_consumption:n_122.modelParams|sensorParams|encoders|_classifierInput|n_127.modelParams|spParams|synPermInactiveDec_0.07009,  10322,  None,  2.05230565623,  0.03007,  10,  13,  2,  None,  122,  127,  0.07009,  0.179218419875,  27.4876985062, 
1017,  1799,  completed,  eof,  2014-12-27 23:58:39,  2014-12-28 00:04:34,  355,  modelParams|sensorParams|encoders|timestamp_timeOfDay:radius_2.05230565623.modelParams|clParams|alpha_0.03007.modelParams|tpParams|minThreshold_10.modelParams|tpParams|activationThreshold_13.modelParams|tpParams|pamLength_2.modelParams|sensorParams|encoders|timestamp_dayOfWeek:radius_4.5.modelParams|sensorParams|encoders|_classifierInput|n_176.modelParams|spParams|synPermInactiveDec_0.07009,  10322,  None,  2.05230565623,  0.03007,  10,  13,  2,  4.5,  None,  176,  0.07009,  0.188815432662,  28.9596442705, 
1017,  1800,  completed,  eof,  2014-12-28 00:00:17,  2014-12-28 00:09:06,  529,  modelParams|sensorParams|encoders|timestamp_timeOfDay:radius_2.31407252654.modelParams|clParams|alpha_0.0374291704861.modelParams|tpParams|minThreshold_9.modelParams|tpParams|activationThreshold_13.modelParams|tpParams|pamLength_2.modelParams|sensorParams|encoders|kw_energy_consumption:n_196.modelParams|sensorParams|encoders|_classifierInput|n_266.modelParams|spParams|synPermInactiveDec_0.07742911025,  10322,  None,  2.31407252654,  0.0374291704861,  9,  13,  2,  None,  196,  266,  0.07742911025,  0.166443952696,  25.5284093737, 
1017,  1801,  completed,  eof,  2014-12-28 00:02:25,  2014-12-28 00:08:29,  364,  modelParams|sensorParams|encoders|timestamp_timeOfDay:radius_2.31407252654.modelParams|clParams|alpha_0.0374291704861.modelParams|tpParams|minThreshold_9.modelParams|tpParams|activationThreshold_13.modelParams|tpParams|pamLength_2.modelParams|sensorParams|encoders|timestamp_dayOfWeek:radius_5.25320743704.modelParams|sensorParams|encoders|_classifierInput|n_173.modelParams|spParams|synPermInactiveDec_0.07742911025,  10322,  None,  2.31407252654,  0.0374291704861,  9,  13,  2,  5.25320743704,  None,  173,  0.07742911025,  0.172270527702,  26.4220627002, 
1017,  1802,  completed,  eof,  2014-12-28 00:03:30,  2014-12-28 00:10:51,  441,  modelParams|sensorParams|encoders|timestamp_timeOfDay:radius_2.02957846643.modelParams|clParams|alpha_0.0334493698937.modelParams|tpParams|minThreshold_9.modelParams|tpParams|activationThreshold_13.modelParams|tpParams|pamLength_2.modelParams|sensorParams|encoders|kw_energy_consumption:n_146.modelParams|sensorParams|encoders|_classifierInput|n_195.modelParams|spParams|synPermInactiveDec_0.089009825745,  10322,  None,  2.02957846643,  0.0334493698937,  9,  13,  2,  None,  146,  195,  0.089009825745,  0.175350830961,  26.8945054733, 
1017,  1803,  completed,  eof,  2014-12-28 00:04:34,  2014-12-28 00:10:33,  359,  modelParams|sensorParams|encoders|timestamp_timeOfDay:radius_2.02957846643.modelParams|clParams|alpha_0.0334493698937.modelParams|tpParams|minThreshold_9.modelParams|tpParams|activationThreshold_13.modelParams|tpParams|pamLength_2.modelParams|sensorParams|encoders|timestamp_dayOfWeek:radius_5.37298029532.modelParams|sensorParams|encoders|_classifierInput|n_152.modelParams|spParams|synPermInactiveDec_0.089009825745,  10322,  None,  2.02957846643,  0.0334493698937,  9,  13,  2,  5.37298029532,  None,  152,  0.089009825745,  0.173609202369,  26.6273824752, 
1017,  1804,  completed,  eof,  2014-12-28 00:08:29,  2014-12-28 00:16:54,  505,  modelParams|sensorParams|encoders|timestamp_timeOfDay:radius_2.02957846643.modelParams|clParams|alpha_0.0439420220653.modelParams|tpParams|minThreshold_11.modelParams|tpParams|activationThreshold_13.modelParams|tpParams|pamLength_2.modelParams|sensorParams|encoders|kw_energy_consumption:n_197.modelParams|sensorParams|encoders|_classifierInput|n_246.modelParams|spParams|synPermInactiveDec_0.0740261285086,  10322,  None,  2.02957846643,  0.0439420220653,  11,  13,  2,  None,  197,  246,  0.0740261285086,  0.16914456977,  25.9426176229, 
1017,  1805,  completed,  eof,  2014-12-28 00:09:06,  2014-12-28 00:14:50,  344,  modelParams|sensorParams|encoders|timestamp_timeOfDay:radius_2.22642241588.modelParams|clParams|alpha_0.0431094708252.modelParams|tpParams|minThreshold_9.modelParams|tpParams|activationThreshold_13.modelParams|tpParams|pamLength_2.modelParams|sensorParams|encoders|timestamp_dayOfWeek:radius_6.modelParams|sensorParams|encoders|_classifierInput|n_205.modelParams|spParams|synPermInactiveDec_0.0699795805119,  10322,  None,  2.22642241588,  0.0431094708252,  9,  13,  2,  6,  None,  205,  0.0699795805119,  0.193163445938,  29.6265225866, 
1017,  1806,  completed,  eof,  2014-12-28 00:10:33,  2014-12-28 00:17:31,  418,  modelParams|sensorParams|encoders|timestamp_timeOfDay:radius_2.25905198949.modelParams|clParams|alpha_0.022124166482.modelParams|tpParams|minThreshold_9.modelParams|tpParams|activationThreshold_13.modelParams|tpParams|pamLength_2.modelParams|sensorParams|encoders|kw_energy_consumption:n_109.modelParams|sensorParams|encoders|_classifierInput|n_185.modelParams|spParams|synPermInactiveDec_0.0976337016093,  10322,  None,  2.25905198949,  0.022124166482,  9,  13,  2,  None,  109,  185,  0.0976337016093,  0.177917273693,  27.2881346779, 
1017,  1807,  completed,  eof,  2014-12-28 00:10:51,  2014-12-28 00:16:44,  353,  modelParams|sensorParams|encoders|timestamp_timeOfDay:radius_2.25905198949.modelParams|clParams|alpha_0.022124166482.modelParams|tpParams|minThreshold_9.modelParams|tpParams|activationThreshold_13.modelParams|tpParams|pamLength_2.modelParams|sensorParams|encoders|timestamp_dayOfWeek:radius_5.00308616136.modelParams|sensorParams|encoders|_classifierInput|n_85.modelParams|spParams|synPermInactiveDec_0.0976337016093,  10322,  None,  2.25905198949,  0.022124166482,  9,  13,  2,  5.00308616136,  None,  85,  0.0976337016093,  0.183319663108,  28.1167283656, 
1017,  1808,  completed,  eof,  2014-12-28 00:14:50,  2014-12-28 00:23:21,  511,  modelParams|sensorParams|encoders|timestamp_timeOfDay:radius_2.26449869212.modelParams|clParams|alpha_0.0367267675949.modelParams|tpParams|minThreshold_9.modelParams|tpParams|activationThreshold_13.modelParams|tpParams|pamLength_2.modelParams|sensorParams|encoders|kw_energy_consumption:n_195.modelParams|sensorParams|encoders|_classifierInput|n_248.modelParams|spParams|synPermInactiveDec_0.0776357598346,  10322,  None,  2.26449869212,  0.0367267675949,  9,  13,  2,  None,  195,  248,  0.0776357598346,  0.168638572288,  25.8650100519, 
1017,  1809,  completed,  eof,  2014-12-28 00:16:44,  2014-12-28 00:22:59,  375,  modelParams|sensorParams|encoders|timestamp_timeOfDay:radius_2.26449869212.modelParams|clParams|alpha_0.0367267675949.modelParams|tpParams|minThreshold_9.modelParams|tpParams|activationThreshold_13.modelParams|tpParams|pamLength_2.modelParams|sensorParams|encoders|timestamp_dayOfWeek:radius_5.24778684354.modelParams|sensorParams|encoders|_classifierInput|n_174.modelParams|spParams|synPermInactiveDec_0.0776357598346,  10322,  None,  2.26449869212,  0.0367267675949,  9,  13,  2,  5.24778684354,  None,  174,  0.0776357598346,  0.177172980592,  27.1739784189, 
1017,  1810,  completed,  eof,  2014-12-28 00:16:54,  2014-12-28 00:24:21,  447,  modelParams|sensorParams|encoders|timestamp_timeOfDay:radius_2.23122316574.modelParams|clParams|alpha_0.0280302131076.modelParams|tpParams|minThreshold_9.modelParams|tpParams|activationThreshold_13.modelParams|tpParams|pamLength_2.modelParams|sensorParams|encoders|kw_energy_consumption:n_146.modelParams|sensorParams|encoders|_classifierInput|n_233.modelParams|spParams|synPermInactiveDec_0.0904801378125,  10322,  None,  2.23122316574,  0.0280302131076,  9,  13,  2,  None,  146,  233,  0.0904801378125,  0.178975653515,  27.4504641163, 
1017,  1811,  completed,  eof,  2014-12-28 00:17:31,  2014-12-28 00:23:03,  332,  modelParams|sensorParams|encoders|timestamp_timeOfDay:radius_2.23122316574.modelParams|clParams|alpha_0.0280302131076.modelParams|tpParams|minThreshold_9.modelParams|tpParams|activationThreshold_13.modelParams|tpParams|pamLength_2.modelParams|sensorParams|encoders|timestamp_dayOfWeek:radius_6.modelParams|sensorParams|encoders|_classifierInput|n_117.modelParams|spParams|synPermInactiveDec_0.0904801378125,  10322,  None,  2.23122316574,  0.0280302131076,  9,  13,  2,  6,  None,  117,  0.0904801378125,  0.170154115184,  26.0974570639, 
1017,  1812,  completed,  killed,  2014-12-28 00:22:59,  2014-12-28 00:24:21,  82,  modelParams|sensorParams|encoders|timestamp_timeOfDay:radius_2.26414712855.modelParams|clParams|alpha_0.0370023627742.modelParams|tpParams|minThreshold_10.modelParams|tpParams|activationThreshold_13.modelParams|tpParams|pamLength_2.modelParams|sensorParams|encoders|kw_energy_consumption:n_195.modelParams|sensorParams|encoders|_classifierInput|n_258.modelParams|spParams|synPermInactiveDec_0.0770935003102,  1700,  None,  2.26414712855,  0.0370023627742,  10,  13,  2,  None,  195,  258,  0.0770935003102,  0.187650394518,  32.2199147531, 
1017,  1813,  completed,  eof,  2014-12-28 00:23:03,  2014-12-28 00:28:31,  328,  modelParams|sensorParams|encoders|timestamp_timeOfDay:radius_2.11890766241.modelParams|clParams|alpha_0.0287837601623.modelParams|tpParams|minThreshold_9.modelParams|tpParams|activationThreshold_13.modelParams|tpParams|pamLength_2.modelParams|sensorParams|encoders|timestamp_dayOfWeek:radius_6.modelParams|sensorParams|encoders|_classifierInput|n_112.modelParams|spParams|synPermInactiveDec_0.0926320088089,  10322,  None,  2.11890766241,  0.0287837601623,  9,  13,  2,  6,  None,  112,  0.0926320088089,  0.185292973679,  28.4193856822, 
1017,  1814,  completed,  killed,  2014-12-28 00:23:21,  2014-12-28 00:24:21,  60,  modelParams|sensorParams|encoders|timestamp_timeOfDay:radius_2.18601600108.modelParams|clParams|alpha_0.0423095321364.modelParams|tpParams|minThreshold_9.modelParams|tpParams|activationThreshold_13.modelParams|tpParams|pamLength_2.modelParams|sensorParams|encoders|kw_energy_consumption:n_214.modelParams|sensorParams|encoders|_classifierInput|n_285.modelParams|spParams|synPermInactiveDec_0.0785863330327,  1200,  None,  2.18601600108,  0.0423095321364,  9,  13,  2,  None,  214,  285,  0.0785863330327,  0.186048390742,  32.1757777235, 
1017,  1815,  completed,  eof,  2014-12-28 00:24:21,  2014-12-28 00:29:57,  336,  modelParams|sensorParams|encoders|timestamp_timeOfDay:radius_2.23169376127.modelParams|clParams|alpha_0.0300552808162.modelParams|tpParams|minThreshold_10.modelParams|tpParams|activationThreshold_13.modelParams|tpParams|pamLength_2.modelParams|sensorParams|encoders|timestamp_dayOfWeek:radius_6.modelParams|sensorParams|encoders|_classifierInput|n_129.modelParams|spParams|synPermInactiveDec_0.0908436071677,  10322,  None,  2.23169376127,  0.0300552808162,  10,  13,  2,  6,  None,  129,  0.0908436071677,  0.175133695398,  26.8612022175, 
1017,  1816,  completed,  eof,  2014-12-28 00:24:21,  2014-12-28 00:29:50,  329,  modelParams|sensorParams|encoders|timestamp_timeOfDay:radius_2.23388936294.modelParams|clParams|alpha_0.0270109414367.modelParams|tpParams|minThreshold_9.modelParams|tpParams|activationThreshold_12.modelParams|tpParams|pamLength_2.modelParams|sensorParams|encoders|timestamp_dayOfWeek:radius_6.modelParams|sensorParams|encoders|_classifierInput|n_109.modelParams|spParams|synPermInactiveDec_0.0901082861359,  10322,  None,  2.23388936294,  0.0270109414367,  9,  12,  2,  6,  None,  109,  0.0901082861359,  0.180098268614,  27.6226456666, 
1017,  1817,  completed,  eof,  2014-12-28 00:24:22,  2014-12-28 00:30:00,  338,  modelParams|sensorParams|encoders|timestamp_timeOfDay:radius_2.29059363157.modelParams|clParams|alpha_0.0306572501653.modelParams|tpParams|minThreshold_9.modelParams|tpParams|activationThreshold_13.modelParams|tpParams|pamLength_2.modelParams|sensorParams|encoders|timestamp_dayOfWeek:radius_6.modelParams|sensorParams|encoders|_classifierInput|n_124.modelParams|spParams|synPermInactiveDec_0.0925974759167,  10322,  None,  2.29059363157,  0.0306572501653,  9,  13,  2,  6,  None,  124,  0.0925974759167,  0.173633510466,  26.6311107395, 
1017,  1818,  completed,  eof,  2014-12-28 00:28:31,  2014-12-28 00:33:56,  325,  modelParams|sensorParams|encoders|timestamp_timeOfDay:radius_2.21051082554.modelParams|clParams|alpha_0.025680473763.modelParams|tpParams|minThreshold_9.modelParams|tpParams|activationThreshold_13.modelParams|tpParams|pamLength_2.modelParams|sensorParams|encoders|timestamp_dayOfWeek:radius_6.modelParams|sensorParams|encoders|_classifierInput|n_103.modelParams|spParams|synPermInactiveDec_0.0937428947031,  10322,  None,  2.21051082554,  0.025680473763,  9,  13,  2,  6,  None,  103,  0.0937428947031,  0.17085802155,  26.205418991, 
1017,  1819,  completed,  killed,  2014-12-28 00:29:51,  2014-12-28 00:33:56,  245,  modelParams|sensorParams|encoders|timestamp_timeOfDay:radius_2.20863821492.modelParams|clParams|alpha_0.0280086800607.modelParams|tpParams|minThreshold_9.modelParams|tpParams|activationThreshold_13.modelParams|tpParams|pamLength_2.modelParams|sensorParams|encoders|timestamp_dayOfWeek:radius_6.modelParams|sensorParams|encoders|_classifierInput|n_114.modelParams|spParams|synPermInactiveDec_0.0903871636179,  7650,  None,  2.20863821492,  0.0280086800607,  9,  13,  2,  6,  None,  114,  0.0903871636179,  0.281604905934,  48.4185840793, 
1017,  1820,  completed,  killed,  2014-12-28 00:29:57,  2014-12-28 00:33:57,  240,  modelParams|sensorParams|encoders|timestamp_timeOfDay:radius_2.23263041321.modelParams|clParams|alpha_0.0249908724039.modelParams|tpParams|minThreshold_9.modelParams|tpParams|activationThreshold_13.modelParams|tpParams|pamLength_2.modelParams|sensorParams|encoders|timestamp_dayOfWeek:radius_6.modelParams|sensorParams|encoders|_classifierInput|n_100.modelParams|spParams|synPermInactiveDec_0.0956896105361,  7500,  None,  2.23263041321,  0.0249908724039,  9,  13,  2,  6,  None,  100,  0.0956896105361,  0.264814296079,  46.1533883053, 
1017,  1821,  completed,  killed,  2014-12-28 00:30:00,  2014-12-28 00:33:57,  237,  modelParams|sensorParams|encoders|timestamp_timeOfDay:radius_2.18246055815.modelParams|clParams|alpha_0.0317222242029.modelParams|tpParams|minThreshold_9.modelParams|tpParams|activationThreshold_14.modelParams|tpParams|pamLength_1.modelParams|sensorParams|encoders|timestamp_dayOfWeek:radius_6.modelParams|sensorParams|encoders|_classifierInput|n_135.modelParams|spParams|synPermInactiveDec_0.086298986247,  6850,  None,  2.18246055815,  0.0317222242029,  9,  14,  1,  6,  None,  135,  0.086298986247,  0.243428809462,  45.267605036, 
1017,  1822,  completed,  eof,  2014-12-28 00:33:56,  2014-12-28 00:48:01,  845,  modelParams|sensorParams|encoders|timestamp_timeOfDay:radius_2.68495052598.modelParams|clParams|alpha_0.05005.modelParams|tpParams|minThreshold_11.modelParams|tpParams|activationThreshold_14.modelParams|tpParams|pamLength_3.modelParams|sensorParams|encoders|timestamp_dayOfWeek:radius_3.5.modelParams|sensorParams|encoders|kw_energy_consumption:n_272.modelParams|sensorParams|encoders|_classifierInput|n_275.modelParams|spParams|synPermInactiveDec_0.05015,  10322,  None,  2.68495052598,  0.05005,  11,  14,  3,  3.5,  272,  275,  0.05015,  0.181146697581,  27.7834488886, 
1017,  1833,  completed,  eof,  2014-12-28 00:33:56,  2014-12-28 00:40:58,  422,  modelParams|sensorParams|encoders|timestamp_timeOfDay:radius_2.68495052598.modelParams|clParams|alpha_0.0001.modelParams|tpParams|minThreshold_9.modelParams|tpParams|activationThreshold_12.modelParams|tpParams|pamLength_1.modelParams|sensorParams|encoders|timestamp_dayOfWeek:radius_1.0.modelParams|sensorParams|encoders|kw_energy_consumption:n_22.modelParams|sensorParams|encoders|_classifierInput|n_28.modelParams|spParams|synPermInactiveDec_0.1,  10322,  None,  2.68495052598,  0.0001,  9,  12,  1,  1.0,  22,  28,  0.1,  0.253014249522,  38.8061640844, 
1017,  1834,  completed,  eof,  2014-12-28 00:33:57,  2014-12-28 01:01:07,  1630,  modelParams|sensorParams|encoders|timestamp_timeOfDay:radius_2.68495052598.modelParams|clParams|alpha_0.1.modelParams|tpParams|minThreshold_12.modelParams|tpParams|activationThreshold_16.modelParams|tpParams|pamLength_5.modelParams|sensorParams|encoders|timestamp_dayOfWeek:radius_6.0.modelParams|sensorParams|encoders|kw_energy_consumption:n_521.modelParams|sensorParams|encoders|_classifierInput|n_521.modelParams|spParams|synPermInactiveDec_0.0003,  10322,  None,  2.68495052598,  0.1,  12,  16,  5,  6.0,  521,  521,  0.0003,  0.207434157785,  31.8152988573, 
1017,  1835,  completed,  eof,  2014-12-28 00:33:57,  2014-12-28 00:42:03,  486,  modelParams|sensorParams|encoders|timestamp_timeOfDay:radius_1.53495052598.modelParams|clParams|alpha_0.025075.modelParams|tpParams|minThreshold_10.modelParams|tpParams|activationThreshold_13.modelParams|tpParams|pamLength_2.modelParams|sensorParams|encoders|timestamp_dayOfWeek:radius_4.75.modelParams|sensorParams|encoders|kw_energy_consumption:n_147.modelParams|sensorParams|encoders|_classifierInput|n_151.modelParams|spParams|synPermInactiveDec_0.075075,  10322,  None,  1.53495052598,  0.025075,  10,  13,  2,  4.75,  147,  151,  0.075075,  0.165047829601,  25.3142784225, 
1017,  1836,  completed,  eof,  2014-12-28 00:40:58,  2014-12-28 00:58:26,  1048,  modelParams|sensorParams|encoders|timestamp_timeOfDay:radius_2.01655792985.modelParams|clParams|alpha_0.075025.modelParams|tpParams|minThreshold_11.modelParams|tpParams|activationThreshold_15.modelParams|tpParams|pamLength_4.modelParams|sensorParams|encoders|timestamp_dayOfWeek:radius_2.25.modelParams|sensorParams|encoders|kw_energy_consumption:n_396.modelParams|sensorParams|encoders|_classifierInput|n_398.modelParams|spParams|synPermInactiveDec_0.025225,  10322,  None,  2.01655792985,  0.075025,  11,  15,  4,  2.25,  396,  398,  0.025225,  0.183532492535,  28.1493711661, 
1017,  1837,  completed,  eof,  2014-12-28 00:42:04,  2014-12-28 00:50:48,  524,  modelParams|sensorParams|encoders|timestamp_timeOfDay:radius_1.89719557857.modelParams|clParams|alpha_0.0273048752741.modelParams|tpParams|minThreshold_10.modelParams|tpParams|activationThreshold_13.modelParams|tpParams|pamLength_2.modelParams|sensorParams|encoders|timestamp_dayOfWeek:radius_4.50803293216.modelParams|sensorParams|encoders|kw_energy_consumption:n_157.modelParams|sensorParams|encoders|_classifierInput|n_178.modelParams|spParams|synPermInactiveDec_0.0692000211318,  10322,  None,  1.89719557857,  0.0273048752741,  10,  13,  2,  4.50803293216,  157,  178,  0.0692000211318,  0.167958038089,  25.7606328406, 
1017,  1838,  completed,  eof,  2014-12-28 00:48:01,  2014-12-28 00:56:55,  534,  modelParams|sensorParams|encoders|timestamp_timeOfDay:radius_1.89719557857.modelParams|clParams|alpha_0.0328351247259.modelParams|tpParams|minThreshold_10.modelParams|tpParams|activationThreshold_13.modelParams|tpParams|pamLength_2.modelParams|sensorParams|encoders|timestamp_dayOfWeek:radius_5.00267764405.modelParams|sensorParams|encoders|kw_energy_consumption:n_187.modelParams|sensorParams|encoders|_classifierInput|n_173.modelParams|spParams|synPermInactiveDec_0.0809499788682,  10322,  None,  1.89719557857,  0.0328351247259,  10,  13,  2,  5.00267764405,  187,  173,  0.0809499788682,  0.173973178952,  26.6832075326, 
1017,  1839,  completed,  eof,  2014-12-28 00:50:48,  2014-12-28 00:59:05,  497,  modelParams|sensorParams|encoders|timestamp_timeOfDay:radius_1.39120052598.modelParams|clParams|alpha_0.02008.modelParams|tpParams|minThreshold_10.modelParams|tpParams|activationThreshold_13.modelParams|tpParams|pamLength_2.modelParams|sensorParams|encoders|timestamp_dayOfWeek:radius_4.5.modelParams|sensorParams|encoders|kw_energy_consumption:n_172.modelParams|sensorParams|encoders|_classifierInput|n_127.modelParams|spParams|synPermInactiveDec_0.07009,  10322,  None,  1.39120052598,  0.02008,  10,  13,  2,  4.5,  172,  127,  0.07009,  0.170509335958,  26.1519391956, 
1017,  1840,  completed,  eof,  2014-12-28 00:56:55,  2014-12-28 01:05:40,  525,  modelParams|sensorParams|encoders|timestamp_timeOfDay:radius_1.40683679071.modelParams|clParams|alpha_0.032123101031.modelParams|tpParams|minThreshold_11.modelParams|tpParams|activationThreshold_13.modelParams|tpParams|pamLength_2.modelParams|sensorParams|encoders|timestamp_dayOfWeek:radius_5.62752655438.modelParams|sensorParams|encoders|kw_energy_consumption:n_182.modelParams|sensorParams|encoders|_classifierInput|n_188.modelParams|spParams|synPermInactiveDec_0.0675847788855,  10322,  None,  1.40683679071,  0.032123101031,  11,  13,  2,  5.62752655438,  182,  188,  0.0675847788855,  0.178829271141,  27.4280126597, 
1017,  1841,  completed,  eof,  2014-12-28 00:58:27,  2014-12-28 01:06:48,  501,  modelParams|sensorParams|encoders|timestamp_timeOfDay:radius_0.630065258334.modelParams|clParams|alpha_0.017363102274.modelParams|tpParams|minThreshold_10.modelParams|tpParams|activationThreshold_13.modelParams|tpParams|pamLength_2.modelParams|sensorParams|encoders|timestamp_dayOfWeek:radius_4.91606896687.modelParams|sensorParams|encoders|kw_energy_consumption:n_106.modelParams|sensorParams|encoders|_classifierInput|n_116.modelParams|spParams|synPermInactiveDec_0.0804887739737,  10322,  None,  0.630065258334,  0.017363102274,  10,  13,  2,  4.91606896687,  106,  116,  0.0804887739737,  0.171659457032,  26.3283394861, 
1017,  1842,  completed,  eof,  2014-12-28 00:59:05,  2014-12-28 01:07:59,  534,  modelParams|sensorParams|encoders|timestamp_timeOfDay:radius_1.32995540463.modelParams|clParams|alpha_0.0181658521993.modelParams|tpParams|minThreshold_10.modelParams|tpParams|activationThreshold_14.modelParams|tpParams|pamLength_3.modelParams|sensorParams|encoders|timestamp_dayOfWeek:radius_4.43100147818.modelParams|sensorParams|encoders|kw_energy_consumption:n_182.modelParams|sensorParams|encoders|_classifierInput|n_120.modelParams|spParams|synPermInactiveDec_0.0688823854237,  10322,  None,  1.32995540463,  0.0181658521993,  10,  14,  3,  4.43100147818,  182,  120,  0.0688823854237,  0.166304403578,  25.5070059705, 
1017,  1843,  completed,  eof,  2014-12-28 01:01:07,  2014-12-28 01:10:34,  567,  modelParams|sensorParams|encoders|timestamp_timeOfDay:radius_1.89719557857.modelParams|clParams|alpha_0.0383653741777.modelParams|tpParams|minThreshold_10.modelParams|tpParams|activationThreshold_13.modelParams|tpParams|pamLength_2.modelParams|sensorParams|encoders|timestamp_dayOfWeek:radius_4.99732235595.modelParams|sensorParams|encoders|kw_energy_consumption:n_167.modelParams|sensorParams|encoders|_classifierInput|n_169.modelParams|spParams|synPermInactiveDec_0.0827299366047,  10322,  None,  1.89719557857,  0.0383653741777,  10,  13,  2,  4.99732235595,  167,  169,  0.0827299366047,  0.165497860567,  25.3833021062, 
1017,  1844,  completed,  eof,  2014-12-28 01:05:40,  2014-12-28 01:13:52,  492,  modelParams|sensorParams|encoders|timestamp_timeOfDay:radius_1.60310571176.modelParams|clParams|alpha_0.0256102494518.modelParams|tpParams|minThreshold_9.modelParams|tpParams|activationThreshold_13.modelParams|tpParams|pamLength_2.modelParams|sensorParams|encoders|timestamp_dayOfWeek:radius_5.0053552881.modelParams|sensorParams|encoders|kw_energy_consumption:n_152.modelParams|sensorParams|encoders|_classifierInput|n_171.modelParams|spParams|synPermInactiveDec_0.0718699577365,  10322,  None,  1.60310571176,  0.0256102494518,  9,  13,  2,  5.0053552881,  152,  171,  0.0718699577365,  0.172851099354,  26.5111081149, 
1017,  1845,  completed,  killed,  2014-12-28 01:06:48,  2014-12-28 01:13:53,  425,  modelParams|sensorParams|encoders|timestamp_timeOfDay:radius_1.40683679071.modelParams|clParams|alpha_0.0216304488594.modelParams|tpParams|minThreshold_9.modelParams|tpParams|activationThreshold_13.modelParams|tpParams|pamLength_2.modelParams|sensorParams|encoders|timestamp_dayOfWeek:radius_5.12512814638.modelParams|sensorParams|encoders|kw_energy_consumption:n_130.modelParams|sensorParams|encoders|_classifierInput|n_125.modelParams|spParams|synPermInactiveDec_0.0825652211145,  9500,  None,  1.40683679071,  0.0216304488594,  9,  13,  2,  5.12512814638,  130,  125,  0.0825652211145,  0.179772993114,  26.4475116205, 
1017,  1846,  completed,  killed,  2014-12-28 01:08:00,  2014-12-28 01:13:54,  354,  modelParams|sensorParams|encoders|timestamp_timeOfDay:radius_1.50964290463.modelParams|clParams|alpha_0.0244096021993.modelParams|tpParams|minThreshold_10.modelParams|tpParams|activationThreshold_13.modelParams|tpParams|pamLength_2.modelParams|sensorParams|encoders|timestamp_dayOfWeek:radius_4.74350147818.modelParams|sensorParams|encoders|kw_energy_consumption:n_151.modelParams|sensorParams|encoders|_classifierInput|n_151.modelParams|spParams|synPermInactiveDec_0.0751136354237,  7450,  None,  1.50964290463,  0.0244096021993,  10,  13,  2,  4.74350147818,  151,  151,  0.0751136354237,  0.172306477052,  30.1696611166, 
1017,  1847,  completed,  killed,  2014-12-28 01:10:34,  2014-12-28 01:13:53,  199,  modelParams|sensorParams|encoders|timestamp_timeOfDay:radius_1.04624363796.modelParams|clParams|alpha_0.0203531661954.modelParams|tpParams|minThreshold_10.modelParams|tpParams|activationThreshold_13.modelParams|tpParams|pamLength_2.modelParams|sensorParams|encoders|timestamp_dayOfWeek:radius_4.72799209184.modelParams|sensorParams|encoders|kw_energy_consumption:n_122.modelParams|sensorParams|encoders|_classifierInput|n_137.modelParams|spParams|synPermInactiveDec_0.0747663930819,  4850,  None,  1.04624363796,  0.0203531661954,  10,  13,  2,  4.72799209184,  122,  137,  0.0747663930819,  0.198284812737,  37.2509252833, 
